1,mary.athy@cstatcorps.com,MaryAthy@2017
2,patricia.basten@cstatcorps.com,PatriciaBasten@2017
3,linda.afalava@cstatcorps.com,LindaAfalava@2017
4,barbara.angelocci@cstatcorps.com,BarbaraAngelocci@2017
5,elizabeth.alicuben@cstatcorps.com,ElizabethAlicuben@2017
6,jennifer.ahmadi@cstatcorps.com,JenniferAhmadi@2017
7,maria.ahonen@cstatcorps.com,MariaAhonen@2017
8,susan.bazzanella@cstatcorps.com,SusanBazzanella@2017
9,margaret.bacerra@cstatcorps.com,MargaretBacerra@2017
10,dorothy.balla@cstatcorps.com,DorothyBalla@2017
11,lisa.azbell@cstatcorps.com,LisaAzbell@2017
12,nancy.anstine@cstatcorps.com,NancyAnstine@2017
13,karen.baucom@cstatcorps.com,KarenBaucom@2017
14,betty.auther@cstatcorps.com,BettyAuther@2017
15,helen.ailey@cstatcorps.com,HelenAiley@2017
16,sandra.behrends@cstatcorps.com,SandraBehrends@2017
17,donna.beavin@cstatcorps.com,DonnaBeavin@2017
18,carol.baugess@cstatcorps.com,CarolBaugess@2017
19,ruth.berland@cstatcorps.com,RuthBerland@2017
20,sharon.abeles@cstatcorps.com,SharonAbeles@2017
21,michelle.berdan@cstatcorps.com,MichelleBerdan@2017
22,laura.arakaki@cstatcorps.com,LauraArakaki@2017
23,sarah.baranski@cstatcorps.com,SarahBaranski@2017
24,kimberly.beddome@cstatcorps.com,KimberlyBeddome@2017
25,deborah.bedeker@cstatcorps.com,DeborahBedeker@2017
26,jessica.balis@cstatcorps.com,JessicaBalis@2017
27,shirley.alward@cstatcorps.com,JohnDave@2017
28,cynthia.barvick@cstatcorps.com,CynthiaBarvick@2017
29,angela.alcantara@cstatcorps.com,AngelaAlcantara@2017
30,melissa.angerman@cstatcorps.com,MelissaAngerman@2017
31,brenda.adule@cstatcorps.com,BrendaAdule@2017
32,amy.aragoni@cstatcorps.com,AmyAragoni@2017
33,anna.antoine@cstatcorps.com,AnnaAntoine@2017
34,rebecca.aupperle@cstatcorps.com,RebeccaAupperle@2017
35,virginia.alkema@cstatcorps.com,VirginiaAlkema@2017
36,kathleen.beadnell@cstatcorps.com,KathleenBeadnell@2017
37,pamela.barclift@cstatcorps.com,PamelaBarclift@2017
38,martha.bachert@cstatcorps.com,MarthaBachert@2017
39,debra.arlan@cstatcorps.com,DebraArlan@2017
40,amanda.belzer@cstatcorps.com,AmandaBelzer@2017
41,stephanie.bega@cstatcorps.com,StephanieBega@2017
42,carolyn.ary@cstatcorps.com,CarolynAry@2017
43,christine.ashcraft@cstatcorps.com,ChristineAshcraft@2017
44,marie.baxi@cstatcorps.com,MarieBaxi@2017
45,janet.ayalla@cstatcorps.com,JanetAyalla@2017
46,catherine.behm@cstatcorps.com,CatherineBehm@2017
47,frances.awe@cstatcorps.com,FrancesAwe@2017
48,ann.bellantuono@cstatcorps.com,AnnBellantuono@2017
49,joyce.bake@cstatcorps.com,JoyceBake@2017
50,diane.archilla@cstatcorps.com,DianeArchilla@2017
51,alice.amento@cstatcorps.com,AliceAmento@2017
52,julie.beech@cstatcorps.com,JulieBeech@2017
53,heather.bembry@cstatcorps.com,HeatherBembry@2017
54,teresa.bells@cstatcorps.com,TeresaBells@2017
55,doris.benham@cstatcorps.com,DorisBenham@2017
56,gloria.bancroft@cstatcorps.com,GloriaBancroft@2017
57,evelyn.anagnostou@cstatcorps.com,EvelynAnagnostou@2017
58,jean.ashlock@cstatcorps.com,JeanAshlock@2017
59,cheryl.appenzeller@cstatcorps.com,CherylAppenzeller@2017
60,mildred.bacayo@cstatcorps.com,MildredBacayo@2017
61,katherine.behmer@cstatcorps.com,KatherineBehmer@2017
62,joan.armstrong@cstatcorps.com,JoanArmstrong@2017
63,ashley.belezos@cstatcorps.com,AshleyBelezos@2017
64,judith.arancibia@cstatcorps.com,JudithArancibia@2017
65,rose.armer@cstatcorps.com,RoseArmer@2017
66,janice.benyard@cstatcorps.com,JaniceBenyard@2017
67,kelly.bennice@cstatcorps.com,KellyBennice@2017
68,nicole.alsman@cstatcorps.com,NicoleAlsman@2017
69,judy.anawalt@cstatcorps.com,JudyAnawalt@2017
70,christina.benbenek@cstatcorps.com,ChristinaBenbenek@2017
71,kathy.badgero@cstatcorps.com,KathyBadgero@2017
72,theresa.allamong@cstatcorps.com,TheresaAllamong@2017
73,beverly.ahuna@cstatcorps.com,BeverlyAhuna@2017
74,denise.apalategui@cstatcorps.com,DeniseApalategui@2017
75,tammy.arizola@cstatcorps.com,TammyArizola@2017
76,irene.bellitti@cstatcorps.com,IreneBellitti@2017
77,jane.barczak@cstatcorps.com,JaneBarczak@2017
78,lori.bachmeier@cstatcorps.com,LoriBachmeier@2017
79,rachel.beaubien@cstatcorps.com,RachelBeaubien@2017
80,marilyn.baltes@cstatcorps.com,MarilynBaltes@2017
81,andrea.basford@cstatcorps.com,AndreaBasford@2017
82,kathryn.ankeny@cstatcorps.com,KathrynAnkeny@2017
83,louise.axe@cstatcorps.com,LouiseAxe@2017
84,sara.apperson@cstatcorps.com,SaraApperson@2017
85,anne.arleth@cstatcorps.com,AnneArleth@2017
86,jacqueline.bergerson@cstatcorps.com,JacquelineBergerson@2017
87,wanda.allbritton@cstatcorps.com,WandaAllbritton@2017
88,bonnie.bacio@cstatcorps.com,BonnieBacio@2017
89,julia.alwazan@cstatcorps.com,JuliaAlwazan@2017
90,ruby.armesto@cstatcorps.com,RubyArmesto@2017
91,lois.bagger@cstatcorps.com,LoisBagger@2017
92,tina.adrid@cstatcorps.com,TinaAdrid@2017
93,phyllis.avary@cstatcorps.com,PhyllisAvary@2017
94,norma.beaulac@cstatcorps.com,NormaBeaulac@2017
95,paula.ailts@cstatcorps.com,PaulaAilts@2017
96,diana.artzer@cstatcorps.com,DianaArtzer@2017
97,annie.balwinski@cstatcorps.com,AnnieBalwinski@2017
98,lillian.balke@cstatcorps.com,LillianBalke@2017
99,emily.abetrani@cstatcorps.com,EmilyAbetrani@2017
