1,Mary,Dorothy Athy,mary.athy@cstatcorps.com,9201573988,6649 N Blue Gum St,New Orleans,Novice,Java,Application Developer,Bridge Building
2,Patricia,Basten,patricia.basten@cstatcorps.com,7245472947,4 B Blue Ridge Blvd,Brighton,Expert,Competitive Gaming,Application Support Analyst,Gymnastics
3,Linda,Afalava,linda.afalava@cstatcorps.com,7148658339,8 W Cerritos Ave #54,Bridgeport,Intermediate,Zero Balancing,Applications Engineer,Floral Arrangements
4,Barbara,Angelocci,barbara.angelocci@cstatcorps.com,9048195892,639 Main St,Anchorage,Novice,Multi-Million Dollar Contract Negotiations,Chief Technology Officer (CTO),Spelunkering
5,Elizabeth,Alicuben,elizabeth.alicuben@cstatcorps.com,5582041822,34 Center St,Hamilton,Expert,Training & Development Programs,Computer and Information Systems Manager,Lasers
6,Jennifer,Ahmadi,jennifer.ahmadi@cstatcorps.com,5549017556,3 Mcauley Dr,Ashland,Intermediate,Platforms,Associate Developer,Bonsai Tree
7,Maria,Ahonen,maria.ahonen@cstatcorps.com,6694114674,7 Eads St,Chicago,Novice,Java,Java Developer,Sewing
8,Susan,Bazzanella,susan.bazzanella@cstatcorps.com,3597766469,7 W Jackson Blvd,San Jose,Expert,Java,Java Developer,Train Collecting
9,Margaret,Bacerra,margaret.bacerra@cstatcorps.com,8417317596,5 Boston Ave #88,Sioux Falls,Intermediate,Java,Java Developer,Camping
10,Dorothy,Balla,dorothy.balla@cstatcorps.com,4792293743,228 Runamuck Pl #2808,Baltimore,Novice,Java,Java Developer,Tesla Coils
11,Lisa,Azbell,lisa.azbell@cstatcorps.com,9959160090,2371 Jerrold Ave,Kulpsville,Novice,Java,Java Developer,Modeling Ships
12,Nancy,Anstine,nancy.anstine@cstatcorps.com,6571647432,37275 St  Rt 17m M,Middle Island,Expert,Java,Java Developer,World Record Breaking
13,Karen,Baucom,karen.baucom@cstatcorps.com,9106435355,25 E 75th St #69,Los Angeles,Intermediate,Java,Java Developer,Herping
14,Betty,Auther,betty.auther@cstatcorps.com,4249294931,98 Connecticut Ave Nw,Chagrin Falls,Novice,OEMs,Database Administrator,Speed Cubing (rubix cube)
15,Helen,Ailey,helen.ailey@cstatcorps.com,5901614036,56 E Morehead St,Laredo,Expert,New to Canada,Senior Systems Software Engineer,Jigsaw Puzzles
16,Sandra,Behrends,sandra.behrends@cstatcorps.com,9451827425,73 State Road 434 E,Phoenix,Intermediate,Shoutcast,Web Developer,Ultimate Frisbee
17,Donna,Beavin,donna.beavin@cstatcorps.com,6212358529,69734 E Carrillo St,Mc Minnville,Novice,ITG,Application Support Analyst,Scrapbooking
18,Carol,Baugess,carol.baugess@cstatcorps.com,5518423753,322 New Horizon Blvd,Milwaukee,Expert,Training Delivery,Senior System Architect,String Figures
19,Ruth,Berland,ruth.berland@cstatcorps.com,8597788854,1 State Route 27,Taylor,Intermediate,Advantage Database Server,Database Administrator,Dominoes
20,Sharon,Abeles,sharon.abeles@cstatcorps.com,3643789640,394 Manchester Blvd,Rockford,Novice,Parking Lots,Web Administrator,R/C Planes
21,Michelle,Berdan,michelle.berdan@cstatcorps.com,4374427216,6 S 33rd St,Aston,Novice,Database Consulting,Database Administrator,Airsofting
22,Laura,Arakaki,laura.arakaki@cstatcorps.com,7246107356,6 Greenleaf Ave,San Jose,Expert,Database Admin,Database Administrator,Owning An Antique Car
23,Sarah,Baranski,sarah.baranski@cstatcorps.com,5688849114,618 W Yakima Ave,Irving,Intermediate,Database Administration,Database Administrator,Survival
24,Kimberly,Beddome,kimberly.beddome@cstatcorps.com,6564352684,74 S Westgate St,Albany,Novice,Database Analysis,Database Administrator,Dolls
25,Deborah,Bedeker,deborah.bedeker@cstatcorps.com,4636859450,3273 State St,Middlesex,Expert,Container Terminals,Technical Operations Officer,Nail Art
26,Jessica,Balis,jessica.balis@cstatcorps.com,7797365136,1 Central Ave,Stevens Point,Intermediate,Sprout Social,Senior Support Specialist,Conworlding
27,John,Dave,shirley.alward@cstatcorps.com,5924531258,86 Nw 66th St #8673,Shawnee,Novice,Operational Architecture,Senior Network Engineer,Canoeing
28,Cynthia,Barvick,cynthia.barvick@cstatcorps.com,4329303133,2 Cedar Ave #84,Easton,Expert,Heaters,Technical Specialist,Casino Gambling
29,Angela,Alcantara,angela.alcantara@cstatcorps.com,5528010250,90991 Thorburn Ave,New York,Intermediate,Customer Loyalty Measurement,IT Support Manager,Bringing Food To The Disabled
30,Melissa,Angerman,melissa.angerman@cstatcorps.com,5536648776,386 9th Ave N,Conroe,Novice,Tier 2,Senior Software Engineer,Cartooning
31,Brenda,Adule,brenda.adule@cstatcorps.com,7143065734,74874 Atlantic Ave,Columbus,Novice,Database Consulting,Senior Database Administrator,Surf Fishing
32,Amy,Aragoni,amy.aragoni@cstatcorps.com,4129280280,366 South Dr,Las Cruces,Expert,Database Admin,Senior Database Administrator,Collecting RPM Records
33,Anna,Antoine,anna.antoine@cstatcorps.com,7736711436,45 E Liberty St,Ridgefield Park,Intermediate,Database Administration,Senior Database Administrator,Horse riding
34,Rebecca,Aupperle,rebecca.aupperle@cstatcorps.com,8749050435,4 Ralph Ct,Dunellen,Novice,Database Analysis,Senior Database Administrator,Bird watching
35,Virginia,Alkema,virginia.alkema@cstatcorps.com,5189402205,2742 Distribution Way,New York,Expert,Supervising Staff,Management Information Systems Director,Cave Diving
36,Kathleen,Beadnell,kathleen.beadnell@cstatcorps.com,9880682494,426 Wolf St,Metairie,Intermediate,LU6.2,Programmer,Coin Collecting
37,Pamela,Barclift,pamela.barclift@cstatcorps.com,9029689688,128 Bransten Rd,New York,Novice,Free Shipping,Desktop Support Specialist,Home Repair
38,Martha,Bachert,martha.bachert@cstatcorps.com,8203848536,17 Morena Blvd,Camarillo,Expert,Computer Information Systems,Computer and Information Systems Manager,Piano
39,Debra,Arlan,debra.arlan@cstatcorps.com,3795152249,775 W 17th St,San Antonio,Intermediate,Leadership Counseling,Security Specialist,Internet
40,Amanda,Belzer,amanda.belzer@cstatcorps.com,8814174222,6980 Dorsett Rd,Abilene,Novice,Repeatable,Webmaster,Skiing
41,Stephanie,Bega,stephanie.bega@cstatcorps.com,8075297126,2881 Lewis Rd,Prineville,Novice,Quick-thinking,.NET Developer,Learning A Foreign Language
42,Carolyn,Ary,carolyn.ary@cstatcorps.com,9591235370,7219 Woodfield Rd,Overland Park,Expert,Interactive Video,Software Developer,Cooking
43,Christine,Ashcraft,christine.ashcraft@cstatcorps.com,9771852444,1048 Main St,Fairbanks,Intermediate,IS-95,Help Desk Technician,Sand Castles
44,Marie,Baxi,marie.baxi@cstatcorps.com,5381448044,678 3rd Ave,Miami,Novice,Material Flow Analysis,Front End Developer,Compose Music
45,Janet,Ayalla,janet.ayalla@cstatcorps.com,7268161791,20 S Babcock St,Fairbanks,Expert,Immunotoxicology,Director of Technology,Renaissance Faire
46,Catherine,Behm,catherine.behm@cstatcorps.com,5961814241,2 Lighthouse Ave,Hopkins,Intermediate,EU Funding,Systems Analyst,Aquarium (Freshwater & Saltwater)
47,Frances,Awe,frances.awe@cstatcorps.com,9013207224,38938 Park Blvd,Boston,Novice,Item Processing,Network Engineer,Model Railroading
48,Ann,Bellantuono,ann.bellantuono@cstatcorps.com,9929071268,5 Tomahawk Dr,Los Angeles,Expert,Literary Writing,Senior System Administrator,Crafts
49,Joyce,Bake,joyce.bake@cstatcorps.com,3835966853,762 S Main St,Madison,Intermediate,Design Optimization,Junior Software Engineer,Tennis
50,Diane,Archilla,diane.archilla@cstatcorps.com,4606922074,209 Decker Dr,Philadelphia,Novice,System Center Suite,Data Center Support Specialist,Hiking
51,Alice,Amento,alice.amento@cstatcorps.com,5660744504,4486 W O St #1,New York,Novice,Regulations,Support Specialist,Belly Dancing
52,Julie,Beech,julie.beech@cstatcorps.com,8726385334,39 S 7th St,Tullahoma,Expert,Account Representation,Network Systems Administrator,Cosplay
53,Heather,Bembry,heather.bembry@cstatcorps.com,3472787880,98839 Hawthorne Blvd #6101,Columbia,Intermediate,Tracking Studies,Desktop Support Manager,Garage Saleing
54,Teresa,Bells,teresa.bells@cstatcorps.com,6478201112,71 San Mateo Ave,Wayne,Novice,BC,Application Developer,"Collecting Sports Cards (Baseball, Football, Basketball, Hockey)"
55,Doris,Benham,doris.benham@cstatcorps.com,7606448812,76 Brooks St #9,Flemington,Expert,Nuclear Engineering,Senior Programmer,Beachcombing
56,Gloria,Bancroft,gloria.bancroft@cstatcorps.com,4808595167,4545 Courthouse Rd,Westbury,Intermediate,Integrated Circuits (IC),Chief Technology Officer (CTO),Microscopy
57,Evelyn,Anagnostou,evelyn.anagnostou@cstatcorps.com,6160145709,14288 Foster Ave #4121,Jenkintown,Novice,Topic,Senior Systems Analyst,Fast cars
58,Jean,Ashlock,jean.ashlock@cstatcorps.com,5461100430,4 Otis St,Van Nuys,Expert,Play by Play,Senior Applications Engineer,Writing
59,Cheryl,Appenzeller,cheryl.appenzeller@cstatcorps.com,4193370200,65895 S 16th St,Providence,Intermediate,KDB+,Computer Systems Manager,arts
60,Mildred,Bacayo,mildred.bacayo@cstatcorps.com,5550904510,14302 Pennsylvania Ave,Huntingdon Valley,Novice,HR Solutions,Customer Support Administrator,Grip Strength
61,Katherine,Behmer,katherine.behmer@cstatcorps.com,8644673686,201 Hawk Ct,Providence,Novice,Computer Information Systems,Information Technology Director,Collecting Antiques
62,Joan,Armstrong,joan.armstrong@cstatcorps.com,9594373244,53075 Sw 152nd Ter #615,Monroe Township,Expert,Email Address,Developer,Hang gliding
63,Ashley,Belezos,ashley.belezos@cstatcorps.com,5655048451,59 N Groesbeck Hwy,Austin,Intermediate,Mountaineering,Technical Support Engineer,Illusion
64,Judith,Arancibia,judith.arancibia@cstatcorps.com,9576354852,2664 Lewis Rd,Littleton,Novice,Sales Improvement,Data Quality Manager,Juggling
65,Rose,Armer,rose.armer@cstatcorps.com,4692348136,59 Shady Ln #53,Milwaukee,Expert,Computer Information Systems,Information Technology Coordinator,Beadwork
66,Janice,Benyard,janice.benyard@cstatcorps.com,7180917628,3305 Nabell Ave #679,New York,Intermediate,NCSS,Software Quality Assurance Analyst,Butterfly Watching
67,Kelly,Bennice,kelly.bennice@cstatcorps.com,3597851026,18 Fountain St,Anchorage,Novice,Great Networker,Chief Information Officer (CIO),Collecting
68,Nicole,Alsman,nicole.alsman@cstatcorps.com,8345006809,7 W 32nd St,Erie,Expert,Financial Awareness,Senior Network System Administrator,Brewing Beer
69,Judy,Anawalt,judy.anawalt@cstatcorps.com,9897194166,2853 S Central Expy,Glen Burnie,Intermediate,Directs,Java Developer,Snowboarding
70,Christina,Benbenek,christina.benbenek@cstatcorps.com,3351444091,74 W College St,Boise,Novice,Response Handling,Help Desk Specialist,Surfing
71,Kathy,Badgero,kathy.badgero@cstatcorps.com,7854089257,701 S Harrison Rd,San Francisco,Novice,Brand Ambassadorship,Senior Web Administrator,Rock Balancing
72,Theresa,Allamong,theresa.allamong@cstatcorps.com,3823629611,1088 Pinehurst St,Chapel Hill,Expert,Location Production,Programmer Analyst,Crafts (unspecified)
73,Beverly,Ahuna,beverly.ahuna@cstatcorps.com,5330157650,30 W 80th St #1995,San Carlos,Intermediate,Beacon,Senior Database Administrator,Jump Roping
74,Denise,Apalategui,denise.apalategui@cstatcorps.com,5794635217,20932 Hedley St,Concord,Novice,Computer Information Systems,IT Support Specialist,Kites
75,Tammy,Arizola,tammy.arizola@cstatcorps.com,3644042481,2737 Pistorio Rd #9230,London,Expert,Certificates Of Insurance,Systems Designer,Yoga
76,Irene,Bellitti,irene.bellitti@cstatcorps.com,7871901228,74989 Brandon St,Wellsville,Intermediate,Computer Information Systems,Applications Engineer,Basketball
77,Jane,Barczak,jane.barczak@cstatcorps.com,4576507764,6 Kains Ave,Baltimore,Novice,Retail Audit,System Architect,Paintball
78,Lori,Bachmeier,lori.bachmeier@cstatcorps.com,8246083597,47565 W Grand Ave,Newark,Expert,Recipe Development,Associate Developer,Rock Collecting
79,Rachel,Beaubien,rachel.beaubien@cstatcorps.com,6390542011,4284 Dorigo Ln,Chicago,Intermediate,Capability Assessment,Technical Support Specialist,R/C Boats
80,Marilyn,Baltes,marilyn.baltes@cstatcorps.com,6584214743,6794 Lake Dr E,Newark,Novice,Computer Information Systems,Software Engineer,Pinochle
81,Andrea,Basford,andrea.basford@cstatcorps.com,4531457205,31 Douglas Blvd #950,Clovis,Novice,Computer Information Systems,Systems Software Engineer,Wine Making
82,Kathryn,Ankeny,kathryn.ankeny@cstatcorps.com,7652815405,44 W 4th St,Staten Island,Expert,Progressive,Systems Administrator,Chess
83,Louise,Axe,louise.axe@cstatcorps.com,7406457175,11279 Loytan St,Jacksonville,Intermediate,Computer Information Systems,IT Systems Administrator,Boomerangs
84,Sara,Apperson,sara.apperson@cstatcorps.com,5253344600,69 Marquette Ave,Hayward,Novice,Dreamworks,Information Technology Manager,Walking
85,Anne,Arleth,anne.arleth@cstatcorps.com,9988834532,70 W Main St,Beachwood,Expert,Automative,Senior Web Developer,Blacksmithing
86,Jacqueline,Bergerson,jacqueline.bergerson@cstatcorps.com,5047376966,461 Prospect Pl #316,Euless,Intermediate,Stationary Packages,Database Administrator,Meditation
87,Wanda,Allbritton,wanda.allbritton@cstatcorps.com,7679009155,47154 Whipple Ave Nw,Gardena,Novice,Sourcing Advisory,Senior Systems Software Engineer,Storytelling
88,Bonnie,Bacio,bonnie.bacio@cstatcorps.com,9638852637,37 Alabama Ave,Evanston,Expert,Decorative Concrete,Web Developer,Home Theater
89,Julia,Alwazan,julia.alwazan@cstatcorps.com,6627725451,3777 E Richmond St #900,Akron,Intermediate,Computer Information Systems,Application Support Analyst,Amateur Astronomy
90,Ruby,Armesto,ruby.armesto@cstatcorps.com,8145263732,3 Fort Worth Ave,Philadelphia,Novice,Franchise Agreements,Senior System Architect,Weightlifting
91,Lois,Bagger,lois.bagger@cstatcorps.com,7561741281,4800 Black Horse Pike,Burlingame,Novice,Mediums,Software Architect,R/C Cars
92,Tina,Adrid,tina.adrid@cstatcorps.com,8050678315,83649 W Belmont Ave,San Gabriel,Expert,RM,Web Administrator,Coloring
93,Phyllis,Avary,phyllis.avary@cstatcorps.com,9296483828,840 15th Ave,Waco,Intermediate,Resistors,Senior Network Architect,Legos
94,Norma,Beaulac,norma.beaulac@cstatcorps.com,6836740947,1747 Calle Amanecer #2,Anchorage,Novice,Transportation Operations,Senior Programmer Analyst,Gunsmithing
95,Paula,Ailts,paula.ailts@cstatcorps.com,9173968566,99385 Charity St #840,San Jose,Expert,Community Liaison,Customer Support Specialist,Textiles
96,Diana,Artzer,diana.artzer@cstatcorps.com,9256321951,68556 Central Hwy,San Leandro,Intermediate,Servlets,Telecommunications Specialist,Tutoring Children
97,Annie,Balwinski,annie.balwinski@cstatcorps.com,3347486577,55 Riverside Ave,Indianapolis,Novice,Subprime,Technical Operations Officer,Beach/Sun tanning
98,Lillian,Balke,lillian.balke@cstatcorps.com,5434708444,7140 University Ave,Rock Springs,Expert,ISO 13485,Senior Support Specialist,Swimming
99,Emily,Abetrani,emily.abetrani@cstatcorps.com,5628063757,64 5th Ave #1153,Mc Lean,Intermediate,Publicit� display,Senior Network Engineer,Scuba Diving
