1,1,mary.athy@cstatcorps.com,Bridge Building,Mary,Athy
2,2,patricia.basten@cstatcorps.com,Gymnastics,Patricia,Basten
3,3,linda.afalava@cstatcorps.com,Floral Arrangements,Linda,Afalava
4,4,barbara.angelocci@cstatcorps.com,Spelunkering,Barbara,Angelocci
5,5,elizabeth.alicuben@cstatcorps.com,Lasers,Elizabeth,Alicuben
6,6,jennifer.ahmadi@cstatcorps.com,Bonsai Tree,Jennifer,Ahmadi
7,7,maria.ahonen@cstatcorps.com,Sewing,Maria,Ahonen
8,8,susan.bazzanella@cstatcorps.com,Train Collecting,Susan,Bazzanella
9,9,margaret.bacerra@cstatcorps.com,Camping,Margaret,Bacerra
10,10,dorothy.balla@cstatcorps.com,Tesla Coils,Dorothy,Balla
11,11,lisa.azbell@cstatcorps.com,Modeling Ships,Lisa,Azbell
12,12,nancy.anstine@cstatcorps.com,World Record Breaking,Nancy,Anstine
13,13,karen.baucom@cstatcorps.com,Herping,Karen,Baucom
14,14,betty.auther@cstatcorps.com,Speed Cubing (rubix cube),Betty,Auther
15,15,helen.ailey@cstatcorps.com,Jigsaw Puzzles,Helen,Ailey
16,16,sandra.behrends@cstatcorps.com,Ultimate Frisbee,Sandra,Behrends
17,17,donna.beavin@cstatcorps.com,Scrapbooking,Donna,Beavin
18,18,carol.baugess@cstatcorps.com,String Figures,Carol,Baugess
19,19,ruth.berland@cstatcorps.com,Dominoes,Ruth,Berland
20,20,sharon.abeles@cstatcorps.com,R/C Planes,Sharon,Abeles
21,21,michelle.berdan@cstatcorps.com,Airsofting,Michelle,Berdan
22,22,laura.arakaki@cstatcorps.com,Owning An Antique Car,Laura,Arakaki
23,23,sarah.baranski@cstatcorps.com,Survival,Sarah,Baranski
24,24,kimberly.beddome@cstatcorps.com,Dolls,Kimberly,Beddome
25,25,deborah.bedeker@cstatcorps.com,Nail Art,Deborah,Bedeker
26,26,jessica.balis@cstatcorps.com,Conworlding,Jessica,Balis
27,27,shirley.alward@cstatcorps.com,Canoeing,John,Dave
28,28,cynthia.barvick@cstatcorps.com,Casino Gambling,Cynthia,Barvick
29,29,angela.alcantara@cstatcorps.com,Bringing Food To The Disabled,Angela,Alcantara
30,30,melissa.angerman@cstatcorps.com,Cartooning,Melissa,Angerman
31,31,brenda.adule@cstatcorps.com,Surf Fishing,Brenda,Adule
32,32,amy.aragoni@cstatcorps.com,Collecting RPM Records,Amy,Aragoni
33,33,anna.antoine@cstatcorps.com,Horse riding,Anna,Antoine
34,34,rebecca.aupperle@cstatcorps.com,Bird watching,Rebecca,Aupperle
35,35,virginia.alkema@cstatcorps.com,Cave Diving,Virginia,Alkema
36,36,kathleen.beadnell@cstatcorps.com,Coin Collecting,Kathleen,Beadnell
37,37,pamela.barclift@cstatcorps.com,Home Repair,Pamela,Barclift
38,38,martha.bachert@cstatcorps.com,Piano,Martha,Bachert
39,39,debra.arlan@cstatcorps.com,Internet,Debra,Arlan
40,40,amanda.belzer@cstatcorps.com,Skiing,Amanda,Belzer
41,41,stephanie.bega@cstatcorps.com,Learning A Foreign Language,Stephanie,Bega
42,42,carolyn.ary@cstatcorps.com,Cooking,Carolyn,Ary
43,43,christine.ashcraft@cstatcorps.com,Sand Castles,Christine,Ashcraft
44,44,marie.baxi@cstatcorps.com,Compose Music,Marie,Baxi
45,45,janet.ayalla@cstatcorps.com,Renaissance Faire,Janet,Ayalla
46,46,catherine.behm@cstatcorps.com,Aquarium (Freshwater & Saltwater),Catherine,Behm
47,47,frances.awe@cstatcorps.com,Model Railroading,Frances,Awe
48,48,ann.bellantuono@cstatcorps.com,Crafts,Ann,Bellantuono
49,49,joyce.bake@cstatcorps.com,Tennis,Joyce,Bake
50,50,diane.archilla@cstatcorps.com,Hiking,Diane,Archilla
51,51,alice.amento@cstatcorps.com,Belly Dancing,Alice,Amento
52,52,julie.beech@cstatcorps.com,Cosplay,Julie,Beech
53,53,heather.bembry@cstatcorps.com,Garage Saleing,Heather,Bembry
54,54,teresa.bells@cstatcorps.com,"Collecting Sports Cards (Baseball, Football, Basketball, Hockey)",Teresa,Bells
55,55,doris.benham@cstatcorps.com,Beachcombing,Doris,Benham
56,56,gloria.bancroft@cstatcorps.com,Microscopy,Gloria,Bancroft
57,57,evelyn.anagnostou@cstatcorps.com,Fast cars,Evelyn,Anagnostou
58,58,jean.ashlock@cstatcorps.com,Writing,Jean,Ashlock
59,59,cheryl.appenzeller@cstatcorps.com,arts,Cheryl,Appenzeller
60,60,mildred.bacayo@cstatcorps.com,Grip Strength,Mildred,Bacayo
61,61,katherine.behmer@cstatcorps.com,Collecting Antiques,Katherine,Behmer
62,62,joan.armstrong@cstatcorps.com,Hang gliding,Joan,Armstrong
63,63,ashley.belezos@cstatcorps.com,Illusion,Ashley,Belezos
64,64,judith.arancibia@cstatcorps.com,Juggling,Judith,Arancibia
65,65,rose.armer@cstatcorps.com,Beadwork,Rose,Armer
66,66,janice.benyard@cstatcorps.com,Butterfly Watching,Janice,Benyard
67,67,kelly.bennice@cstatcorps.com,Collecting,Kelly,Bennice
68,68,nicole.alsman@cstatcorps.com,Brewing Beer,Nicole,Alsman
69,69,judy.anawalt@cstatcorps.com,Snowboarding,Judy,Anawalt
70,70,christina.benbenek@cstatcorps.com,Surfing,Christina,Benbenek
71,71,kathy.badgero@cstatcorps.com,Rock Balancing,Kathy,Badgero
72,72,theresa.allamong@cstatcorps.com,Crafts (unspecified),Theresa,Allamong
73,73,beverly.ahuna@cstatcorps.com,Jump Roping,Beverly,Ahuna
74,74,denise.apalategui@cstatcorps.com,Kites,Denise,Apalategui
75,75,tammy.arizola@cstatcorps.com,Yoga,Tammy,Arizola
76,76,irene.bellitti@cstatcorps.com,Basketball,Irene,Bellitti
77,77,jane.barczak@cstatcorps.com,Paintball,Jane,Barczak
78,78,lori.bachmeier@cstatcorps.com,Rock Collecting,Lori,Bachmeier
79,79,rachel.beaubien@cstatcorps.com,R/C Boats,Rachel,Beaubien
80,80,marilyn.baltes@cstatcorps.com,Pinochle,Marilyn,Baltes
81,81,andrea.basford@cstatcorps.com,Wine Making,Andrea,Basford
82,82,kathryn.ankeny@cstatcorps.com,Chess,Kathryn,Ankeny
83,83,louise.axe@cstatcorps.com,Boomerangs,Louise,Axe
84,84,sara.apperson@cstatcorps.com,Walking,Sara,Apperson
85,85,anne.arleth@cstatcorps.com,Blacksmithing,Anne,Arleth
86,86,jacqueline.bergerson@cstatcorps.com,Meditation,Jacqueline,Bergerson
87,87,wanda.allbritton@cstatcorps.com,Storytelling,Wanda,Allbritton
88,88,bonnie.bacio@cstatcorps.com,Home Theater,Bonnie,Bacio
89,89,julia.alwazan@cstatcorps.com,Amateur Astronomy,Julia,Alwazan
90,90,ruby.armesto@cstatcorps.com,Weightlifting,Ruby,Armesto
91,91,lois.bagger@cstatcorps.com,R/C Cars,Lois,Bagger
92,92,tina.adrid@cstatcorps.com,Coloring,Tina,Adrid
93,93,phyllis.avary@cstatcorps.com,Legos,Phyllis,Avary
94,94,norma.beaulac@cstatcorps.com,Gunsmithing,Norma,Beaulac
95,95,paula.ailts@cstatcorps.com,Textiles,Paula,Ailts
96,96,diana.artzer@cstatcorps.com,Tutoring Children,Diana,Artzer
97,97,annie.balwinski@cstatcorps.com,Beach/Sun tanning,Annie,Balwinski
98,98,lillian.balke@cstatcorps.com,Swimming,Lillian,Balke
99,99,emily.abetrani@cstatcorps.com,Scuba Diving,Emily,Abetrani
100,7,maria.ahonen@cstatcorps.com,Hiking,Maria,Ahonen
101,7,maria.ahonen@cstatcorps.com,Meditation,Maria,Ahonen
