1,1,5,Mary is an expert Java Developer,4,Barbara Angelocci
2,2,4,Patricia is an expert application support analyst,5,Elizabeth Alicuben
3,3,3,Linda is an intermediate application engineer,6,Jennifer Ahmadi
4,4,5,Barbara is an expert in project management,4,Barbara Angelocci
5,5,2, ,5,Elizabeth Alicuben
6,6,3, ,6,Jennifer Ahmadi
7,7,4,Maria has excellent Java knowledge,4,Barbara Angelocci
8,8,4, ,5,Elizabeth Alicuben
9,9,3, ,6,Jennifer Ahmadi
10,10,4, ,4,Barbara Angelocci
11,11,5, ,5,Elizabeth Alicuben
12,12,1,,6,Jennifer Ahmadi
13,13,2,,4,Barbara Angelocci
14,14,4,,5,Elizabeth Alicuben
15,15,5,,6,Jennifer Ahmadi
16,16,2,,4,Barbara Angelocci
17,17,3,,5,Elizabeth Alicuben
18,18,1,,6,Jennifer Ahmadi
19,19,4,,4,Barbara Angelocci
20,20,3,,5,Elizabeth Alicuben
21,21,4,,6,Jennifer Ahmadi
22,22,5,,4,Barbara Angelocci
23,23,1,,5,Elizabeth Alicuben
24,24,2,,6,Jennifer Ahmadi
25,25,4,,4,Barbara Angelocci
26,26,5,,5,Elizabeth Alicuben
27,27,2,,6,Jennifer Ahmadi
28,28,3,,4,Barbara Angelocci
29,29,1,,5,Elizabeth Alicuben
30,30,4,,6,Jennifer Ahmadi
31,31,3,,4,Barbara Angelocci
32,32,4,,5,Elizabeth Alicuben
33,33,5,,6,Jennifer Ahmadi
34,34,1,,4,Barbara Angelocci
35,35,2,,5,Elizabeth Alicuben
36,36,4,,6,Jennifer Ahmadi
37,37,5,,4,Barbara Angelocci
38,38,2,,5,Elizabeth Alicuben
39,39,3,,6,Jennifer Ahmadi
40,40,1,,4,Barbara Angelocci
41,41,4,,5,Elizabeth Alicuben
42,42,3,,6,Jennifer Ahmadi
43,43,4,,4,Barbara Angelocci
44,44,5,,5,Elizabeth Alicuben
45,45,1,,6,Jennifer Ahmadi
46,46,2,,4,Barbara Angelocci
47,47,4,,5,Elizabeth Alicuben
48,48,5,,6,Jennifer Ahmadi
49,49,2,,4,Barbara Angelocci
50,50,3,,5,Elizabeth Alicuben
51,51,1,,6,Jennifer Ahmadi
52,52,4,,4,Barbara Angelocci
53,53,3,,5,Elizabeth Alicuben
54,54,4,,6,Jennifer Ahmadi
55,55,5,,4,Barbara Angelocci
56,56,1,,5,Elizabeth Alicuben
57,57,2,,6,Jennifer Ahmadi
58,58,4,,4,Barbara Angelocci
59,59,5,,5,Elizabeth Alicuben
60,60,2,,6,Jennifer Ahmadi
61,61,3,,4,Barbara Angelocci
62,62,1,,5,Elizabeth Alicuben
63,63,4,,6,Jennifer Ahmadi
64,64,3,,4,Barbara Angelocci
65,65,4,,5,Elizabeth Alicuben
66,66,5,,6,Jennifer Ahmadi
67,67,1,,4,Barbara Angelocci
68,68,2,,5,Elizabeth Alicuben
69,69,4,,6,Jennifer Ahmadi
70,70,5,,4,Barbara Angelocci
71,71,2,,5,Elizabeth Alicuben
72,72,3,,6,Jennifer Ahmadi
73,73,1,,4,Barbara Angelocci
74,74,4,,5,Elizabeth Alicuben
75,75,3,,6,Jennifer Ahmadi
76,76,4,,4,Barbara Angelocci
77,77,5,,5,Elizabeth Alicuben
78,78,1,,6,Jennifer Ahmadi
79,79,2,,4,Barbara Angelocci
80,80,4,,5,Elizabeth Alicuben
81,81,5,,6,Jennifer Ahmadi
82,82,2,,4,Barbara Angelocci
83,83,3,,5,Elizabeth Alicuben
84,84,1,,6,Jennifer Ahmadi
85,85,4,,4,Barbara Angelocci
86,86,3,,5,Elizabeth Alicuben
87,87,4,,6,Jennifer Ahmadi
88,88,5,,4,Barbara Angelocci
89,89,1,,5,Elizabeth Alicuben
90,90,2,,6,Jennifer Ahmadi
91,91,4,,4,Barbara Angelocci
92,92,5,,5,Elizabeth Alicuben
93,93,2,,6,Jennifer Ahmadi
94,94,3,,4,Barbara Angelocci
95,95,1,,5,Elizabeth Alicuben
96,96,4,,6,Jennifer Ahmadi
97,97,3,,4,Barbara Angelocci
98,98,4,,5,Elizabeth Alicuben
99,99,5,,6,Jennifer Ahmadi
100,7,5,She is your person for any Java Query,6,Jennifer Ahmadi
