1,1,mary.athy@cstatcorps.com,Java,Novice,Mary,Athy
2,2,patricia.basten@cstatcorps.com,Competitive Gaming,Expert,Patricia,Basten
3,3,linda.afalava@cstatcorps.com,Zero Balancing,Intermediate,Linda,Afalava
4,4,barbara.angelocci@cstatcorps.com,Multi-Million Dollar Contract Negotiations,Novice,Barbara,Angelocci
5,5,elizabeth.alicuben@cstatcorps.com,Training & Development Programs,Expert,Elizabeth,Alicuben
6,6,jennifer.ahmadi@cstatcorps.com,Platforms,Intermediate,Jennifer,Ahmadi
7,7,maria.ahonen@cstatcorps.com,Java,Novice,Maria,Ahonen
8,8,susan.bazzanella@cstatcorps.com,Java,Expert,Susan,Bazzanella
9,9,margaret.bacerra@cstatcorps.com,Java,Intermediate,Margaret,Bacerra
10,10,dorothy.balla@cstatcorps.com,Java,Novice,Dorothy,Balla
11,11,lisa.azbell@cstatcorps.com,Java,Novice,Lisa,Azbell
12,12,nancy.anstine@cstatcorps.com,Java,Expert,Nancy,Anstine
13,13,karen.baucom@cstatcorps.com,Java,Intermediate,Karen,Baucom
14,14,betty.auther@cstatcorps.com,OEMs,Novice,Betty,Auther
15,15,helen.ailey@cstatcorps.com,New to Canada,Expert,Helen,Ailey
16,16,sandra.behrends@cstatcorps.com,Shoutcast,Intermediate,Sandra,Behrends
17,17,donna.beavin@cstatcorps.com,ITG,Novice,Donna,Beavin
18,18,carol.baugess@cstatcorps.com,Training Delivery,Expert,Carol,Baugess
19,19,ruth.berland@cstatcorps.com,Advantage Database Server,Intermediate,Ruth,Berland
20,20,sharon.abeles@cstatcorps.com,Parking Lots,Novice,Sharon,Abeles
21,21,michelle.berdan@cstatcorps.com,Database Consulting,Novice,Michelle,Berdan
22,22,laura.arakaki@cstatcorps.com,Database Admin,Expert,Laura,Arakaki
23,23,sarah.baranski@cstatcorps.com,Database Administration,Intermediate,Sarah,Baranski
24,24,kimberly.beddome@cstatcorps.com,Database Analysis,Novice,Kimberly,Beddome
25,25,deborah.bedeker@cstatcorps.com,Container Terminals,Expert,Deborah,Bedeker
26,26,jessica.balis@cstatcorps.com,Sprout Social,Intermediate,Jessica,Balis
27,27,shirley.alward@cstatcorps.com,Operational Architecture,Novice,John,Dave
28,28,cynthia.barvick@cstatcorps.com,Heaters,Expert,Cynthia,Barvick
29,29,angela.alcantara@cstatcorps.com,Customer Loyalty Measurement,Intermediate,Angela,Alcantara
30,30,melissa.angerman@cstatcorps.com,Tier 2,Novice,Melissa,Angerman
31,31,brenda.adule@cstatcorps.com,Database Consulting,Novice,Brenda,Adule
32,32,amy.aragoni@cstatcorps.com,Database Admin,Expert,Amy,Aragoni
33,33,anna.antoine@cstatcorps.com,Database Administration,Intermediate,Anna,Antoine
34,34,rebecca.aupperle@cstatcorps.com,Database Analysis,Novice,Rebecca,Aupperle
35,35,virginia.alkema@cstatcorps.com,Supervising Staff,Expert,Virginia,Alkema
36,36,kathleen.beadnell@cstatcorps.com,LU6.2,Intermediate,Kathleen,Beadnell
37,37,pamela.barclift@cstatcorps.com,Free Shipping,Novice,Pamela,Barclift
38,38,martha.bachert@cstatcorps.com,Computer Information Systems,Expert,Martha,Bachert
39,39,debra.arlan@cstatcorps.com,Leadership Counseling,Intermediate,Debra,Arlan
40,40,amanda.belzer@cstatcorps.com,Repeatable,Novice,Amanda,Belzer
41,41,stephanie.bega@cstatcorps.com,Quick-thinking,Novice,Stephanie,Bega
42,42,carolyn.ary@cstatcorps.com,Interactive Video,Expert,Carolyn,Ary
43,43,christine.ashcraft@cstatcorps.com,IS-95,Intermediate,Christine,Ashcraft
44,44,marie.baxi@cstatcorps.com,Material Flow Analysis,Novice,Marie,Baxi
45,45,janet.ayalla@cstatcorps.com,Immunotoxicology,Expert,Janet,Ayalla
46,46,catherine.behm@cstatcorps.com,EU Funding,Intermediate,Catherine,Behm
47,47,frances.awe@cstatcorps.com,Item Processing,Novice,Frances,Awe
48,48,ann.bellantuono@cstatcorps.com,Literary Writing,Expert,Ann,Bellantuono
49,49,joyce.bake@cstatcorps.com,Design Optimization,Intermediate,Joyce,Bake
50,50,diane.archilla@cstatcorps.com,System Center Suite,Novice,Diane,Archilla
51,51,alice.amento@cstatcorps.com,Regulations,Novice,Alice,Amento
52,52,julie.beech@cstatcorps.com,Account Representation,Expert,Julie,Beech
53,53,heather.bembry@cstatcorps.com,Tracking Studies,Intermediate,Heather,Bembry
54,54,teresa.bells@cstatcorps.com,BC,Novice,Teresa,Bells
55,55,doris.benham@cstatcorps.com,Nuclear Engineering,Expert,Doris,Benham
56,56,gloria.bancroft@cstatcorps.com,Integrated Circuits (IC),Intermediate,Gloria,Bancroft
57,57,evelyn.anagnostou@cstatcorps.com,Topic,Novice,Evelyn,Anagnostou
58,58,jean.ashlock@cstatcorps.com,Play by Play,Expert,Jean,Ashlock
59,59,cheryl.appenzeller@cstatcorps.com,KDB+,Intermediate,Cheryl,Appenzeller
60,60,mildred.bacayo@cstatcorps.com,HR Solutions,Novice,Mildred,Bacayo
61,61,katherine.behmer@cstatcorps.com,Computer Information Systems,Novice,Katherine,Behmer
62,62,joan.armstrong@cstatcorps.com,Email Address,Expert,Joan,Armstrong
63,63,ashley.belezos@cstatcorps.com,Mountaineering,Intermediate,Ashley,Belezos
64,64,judith.arancibia@cstatcorps.com,Sales Improvement,Novice,Judith,Arancibia
65,65,rose.armer@cstatcorps.com,Computer Information Systems,Expert,Rose,Armer
66,66,janice.benyard@cstatcorps.com,NCSS,Intermediate,Janice,Benyard
67,67,kelly.bennice@cstatcorps.com,Great Networker,Novice,Kelly,Bennice
68,68,nicole.alsman@cstatcorps.com,Financial Awareness,Expert,Nicole,Alsman
69,69,judy.anawalt@cstatcorps.com,Directs,Intermediate,Judy,Anawalt
70,70,christina.benbenek@cstatcorps.com,Response Handling,Novice,Christina,Benbenek
71,71,kathy.badgero@cstatcorps.com,Brand Ambassadorship,Novice,Kathy,Badgero
72,72,theresa.allamong@cstatcorps.com,Location Production,Expert,Theresa,Allamong
73,73,beverly.ahuna@cstatcorps.com,Beacon,Intermediate,Beverly,Ahuna
74,74,denise.apalategui@cstatcorps.com,Computer Information Systems,Novice,Denise,Apalategui
75,75,tammy.arizola@cstatcorps.com,Certificates Of Insurance,Expert,Tammy,Arizola
76,76,irene.bellitti@cstatcorps.com,Computer Information Systems,Intermediate,Irene,Bellitti
77,77,jane.barczak@cstatcorps.com,Retail Audit,Novice,Jane,Barczak
78,78,lori.bachmeier@cstatcorps.com,Recipe Development,Expert,Lori,Bachmeier
79,79,rachel.beaubien@cstatcorps.com,Capability Assessment,Intermediate,Rachel,Beaubien
80,80,marilyn.baltes@cstatcorps.com,Computer Information Systems,Novice,Marilyn,Baltes
81,81,andrea.basford@cstatcorps.com,Computer Information Systems,Novice,Andrea,Basford
82,82,kathryn.ankeny@cstatcorps.com,Progressive,Expert,Kathryn,Ankeny
83,83,louise.axe@cstatcorps.com,Computer Information Systems,Intermediate,Louise,Axe
84,84,sara.apperson@cstatcorps.com,Dreamworks,Novice,Sara,Apperson
85,85,anne.arleth@cstatcorps.com,Automative,Expert,Anne,Arleth
86,86,jacqueline.bergerson@cstatcorps.com,Stationary Packages,Intermediate,Jacqueline,Bergerson
87,87,wanda.allbritton@cstatcorps.com,Sourcing Advisory,Novice,Wanda,Allbritton
88,88,bonnie.bacio@cstatcorps.com,Decorative Concrete,Expert,Bonnie,Bacio
89,89,julia.alwazan@cstatcorps.com,Computer Information Systems,Intermediate,Julia,Alwazan
90,90,ruby.armesto@cstatcorps.com,Franchise Agreements,Novice,Ruby,Armesto
91,91,lois.bagger@cstatcorps.com,Mediums,Novice,Lois,Bagger
92,92,tina.adrid@cstatcorps.com,RM,Expert,Tina,Adrid
93,93,phyllis.avary@cstatcorps.com,Resistors,Intermediate,Phyllis,Avary
94,94,norma.beaulac@cstatcorps.com,Transportation Operations,Novice,Norma,Beaulac
95,95,paula.ailts@cstatcorps.com,Community Liaison,Expert,Paula,Ailts
96,96,diana.artzer@cstatcorps.com,Servlets,Intermediate,Diana,Artzer
97,97,annie.balwinski@cstatcorps.com,Subprime,Novice,Annie,Balwinski
98,98,lillian.balke@cstatcorps.com,ISO 13485,Expert,Lillian,Balke
99,99,emily.abetrani@cstatcorps.com,Publicit� display,Intermediate,Emily,Abetrani
100,7,maria.ahonen@cstatcorps.com,SQL,Intermediate,Maria,Ahonen
